id,name,model_id:id,group_id:id,perm_read,perm_write,perm_create,perm_unlink
access_user,permisos de administrador,model_gestiondeenvios_clase,gestion_envios.group_manager,1,1,1,1
access_user,permisos de cliente,model_gestiondeenvios_clase,gestion_envios.group_user,1,1,1,0
access_admin_intermedio,permisos de administrador,model_gestiondeenvios_intermedio,gestion_envios.group_manager,1,1,1,1

access_admin_mercancia,permisos de administrador,model_gestiondeenvios_mercancia,gestion_envios.group_manager,1,1,1,1
access_admin_servicio,permisos de administrador,model_gestiondeenvios_servicio,gestion_envios.group_manager,1,1,1,1
access_admin_poblaciones,permisos de administrador,model_gestiondeenvios_poblaciones,gestion_envios.group_manager,1,1,1,1
access_user_stage,permisos de cliente,model_gestiondeenvios_stage,gestion_envios.group_user,1,1,1,1
access_product_invoice,tipo de factura por producto,model_product_invoice,gestion_envios.group_user,1,1,1,1
access_type_invoice,tipo de factura,model_type_invoice,gestion_envios.group_user,1,1,1,1
access_bult_lines,permisos de bults,model_bult_lines,gestion_envios.group_manager,1,1,1,1
access_ref_lines,permisos de referencias - productos,model_ref_lines,gestion_envios.group_manager,1,1,1,1