<?xml version="1.0" encoding="utf-8"?>
<odoo>
    <record model="ir.module.category" id="module_management">
        <field name="name">Gestión de Envíos</field>
        <field name="description">Nivel de acceso del usuario</field>
        <field name="sequence">3</field>
    </record>

    <record id="group_user" model="res.groups">
        <field name="name">Empleado</field>
        <field name="implied_ids" eval="[(4, ref('base.group_user'))]"/>
        <field name="users" eval="[(4, ref('base.user_root'))]"/>
        <!--<field name="domain_force">[('iduser','=',user.id)]</field>-->
        <field name="category_id" ref="gestion_envios.module_management"/>
    </record>

    <record id="group_manager" model="res.groups">
        <field name="name">Administrador</field>
        <!--<field name="domain_force">[(1,'=',1)]</field>-->
        <field name="implied_ids" eval="[(4, ref('gestion_envios.group_user'))]"/>
        <field name="category_id" ref="gestion_envios.module_management"/>
    </record>
</odoo>