<odoo>
    <data noupdate="1">
        <!-- gestiondeenvios_servicios -->
        <record id="servicio_recogida" model="gestiondeenvios.servicio">
            <field name="name">R</field>
            <field name="tiposervicio">Recogida</field>
            <field name="active" eval="True"/>
        </record>

        <record id="servicio_entrega" model="gestiondeenvios.servicio">
            <field name="name">E</field>
            <field name="tiposervicio">Entrega</field>
            <field name="active" eval="True"/>
        </record>

        <record id="servicio_recogidayentrega" model="gestiondeenvios.servicio">
            <field name="name">R/E</field>
            <field name="tiposervicio">Recogida y Entrega</field>
            <field name="active" eval="True"/>
        </record>


        <!-- gestiondeenvios_mercancias -->
        <record id="mercancia_bl" model="gestiondeenvios.mercancia">
            <field name="name">[BL] B.L.</field>
            <field name="codigo">BL</field>
            <field name="tipomercancia">B.L.</field>
            <field name="plantillanotas">Booking:
Barco:
Contacto:
            </field>
            <field name="preguntarpeso" eval="False"/>
            <field name="preguntarmedidas" eval="False"/>
            <field name="active" eval="True"/>
        </record>

        <record id="mercancia_ca" model="gestiondeenvios.mercancia">
            <field name="name">[CA] Caja(s)</field>
            <field name="codigo">CA</field>
            <field name="tipomercancia">Caja(s)</field>
            <field name="preguntarpeso" eval="True"/>
            <field name="preguntarmedidas" eval="True"/>
            <field name="active" eval="True"/>
        </record>

        <record id="mercancia_do" model="gestiondeenvios.mercancia">
            <field name="name">[DO] Documento(s)</field>
            <field name="codigo">DO</field>
            <field name="tipomercancia">Documento(s)</field>
            <field name="preguntarpeso" eval="False"/>
            <field name="preguntarmedidas" eval="False"/>
            <field name="active" eval="True"/>
        </record>

        <record id="mercancia_pa" model="gestiondeenvios.mercancia">
            <field name="name">[PA] Paquete(s)</field>
            <field name="codigo">PA</field>
            <field name="tipomercancia">Paquete(s)</field>
            <field name="preguntarpeso" eval="True"/>
            <field name="preguntarmedidas" eval="True"/>
            <field name="active" eval="True"/>
        </record>

        <record id="mercancia_pr" model="gestiondeenvios.mercancia">
            <field name="name">[PR] Precinto(s)</field>
            <field name="codigo">PR</field>
            <field name="tipomercancia">Precinto(s)</field>
            <field name="plantillanotas">Booking/Precinto:
Transitario:
Contacto:
            </field>
            <field name="preguntarpeso" eval="False"/>
            <field name="preguntarmedidas" eval="False"/>
            <field name="active" eval="True"/>
        </record>

        <record id="mercancia_pu" model="gestiondeenvios.mercancia">
            <field name="name">[PU] Puente(s)</field>
            <field name="codigo">PU</field>
            <field name="tipomercancia">Puente(s)</field>
            <field name="preguntarpeso" eval="True"/>
            <field name="preguntarmedidas" eval="True"/>
            <field name="active" eval="True"/>
        </record>

        <record id="mercancia_ce" model="gestiondeenvios.mercancia">
            <field name="name">[CE] Certificado(s)</field>
            <field name="codigo">CE</field>
            <field name="tipomercancia">Certificado(s)</field>
            <field name="plantillanotas">Nº Certificado: </field>
            <field name="preguntarpeso" eval="True"/>
            <field name="preguntarmedidas" eval="True"/>
            <field name="active" eval="True"/>
        </record>

        <!-- gestiondeenvios estados (stage) -->
        <record id="stage_pa" model="gestiondeenvios.stage">
            <field name="name">Pendientes de asignar</field>
            <field name="sequence" eval="1"/>
            <field name="fold" eval="True"/>
            <field name="asignarenvios" eval="True"/>
        </record>

        <record id="stage_fi" model="gestiondeenvios.stage">
            <field name="name">Finalizados</field>
            <field name="sequence" eval="999998"/>
            <field name="fold" eval="True"/>
            <field name="asignarenvios" eval="True"/>
        </record>

        <record id="stage_in" model="gestiondeenvios.stage">
            <field name="name">Finaliz. con Incidencias</field>
            <field name="sequence" eval="999999"/>
            <field name="fold" eval="True"/>
            <field name="asignarenvios" eval="True"/>
        </record>

        <!-- type.invoice -->
        <record id="type_u" model="type.invoice">
            <field name="name">Unitario</field>
            <field name="code">U</field>
        </record>

        <record id="type_km" model="type.invoice">
            <field name="name">Km. Extrarradio</field>
            <field name="code">KM</field>
        </record>


        <record id="type_te" model="type.invoice">
            <field name="name">Tiempo de espera</field>
            <field name="code">TE</field>
        </record>


        <record id="type_ha" model="type.invoice">
            <field name="name">Hora ayudante</field>
            <field name="code">HA</field>
        </record>


        <record id="type_ma" model="type.invoice">
            <field name="name">Línea Manual</field>
            <field name="code">MA</field>
        </record>

        <!-- product service -->

        <record id="product_service" model="product.product">
            <field name="name">Product Service</field>
            <field name="sale_ok">True</field>
            <field name="detailed_type">service</field>
        </record>

        <!-- Accion de servidor: cancelar envio -->
        <record model="ir.actions.server" id="action_cancel_ship">
            <field name="name">Cancelar</field>
            <field name="model_id" ref="model_gestiondeenvios_clase"/>
            <field name="binding_model_id" ref="gestion_envios.model_gestiondeenvios_clase" />
            <field name="binding_view_types">list,form</field>
            <field name="state">code</field>
            <field name="code">
if records:
    for rec in records:
        if rec.state not in ['draft', 'cancel']:
            rec.cancel_confirmed()
            </field>
        </record>
    </data>
</odoo>
