<odoo>
    <data>
        <record id='poblaciones_alacuas' model='gestiondeenvios.poblaciones'>
            <field name='poblacion'>Alacuas</field>
            <field name='cp'>46970</field>
            <field name='distancia'>19</field>
            <field name='active'>True</field>
        </record>

        <record id='poblaciones_albaida' model='gestiondeenvios.poblaciones'>
            <field name='poblacion'>Albaida</field>
            <field name='cp'>46860</field>
            <field name='distancia'>160</field>
            <field name='active'>True</field>
        </record>

        <record id='poblaciones_albal' model='gestiondeenvios.poblaciones'>
            <field name='poblacion'>Albal</field>
            <field name='cp'>46470</field>
            <field name='distancia'>22</field>
            <field name='active'>True</field>
        </record>


        <record id='poblaciones_albalatdelsorells' model='gestiondeenvios.poblaciones'>
            <field name='poblacion'>Albalat del Sorells</field>
            <field name='cp'>46135</field>
            <field name='distancia'>20</field>
            <field name='active'>True</field>
        </record>


        <record id='poblaciones_alberique' model='gestiondeenvios.poblaciones'>
            <field name='poblacion'>Alberique </field>
            <field name='cp'>46260</field>
            <field name='distancia'>87</field>
            <field name='active'>True</field>
        </record>


        <record id='poblaciones_alboraya' model='gestiondeenvios.poblaciones'>
            <field name='poblacion'>Alboraya</field>
            <field name='cp'>46120</field>
            <field name='distancia'>16</field>
            <field name='active'>True</field>
        </record>


        <record id='poblaciones_albuixech' model='gestiondeenvios.poblaciones'>
            <field name='poblacion'>Albuixech</field>
            <field name='cp'>46550</field>
            <field name='distancia'>38</field>
            <field name='active'>True</field>
        </record>


        <record id='poblaciones_alcacer' model='gestiondeenvios.poblaciones'>
            <field name='poblacion'>Alcacer</field>
            <field name='cp'>46290</field>
            <field name='distancia'>32</field>
            <field name='active'>True</field>
        </record>


        <record id='poblaciones_alcoy' model='gestiondeenvios.poblaciones'>
            <field name='poblacion'>Alcoy </field>
            <field name='cp'>3804</field>
            <field name='distancia'>222</field>
            <field name='active'>True</field>
        </record>


        <record id='poblaciones_alcudiadecarlet' model='gestiondeenvios.poblaciones'>
            <field name='poblacion'>Alcudia de Carlet</field>
            <field name='cp'>46259</field>
            <field name='distancia'>68</field>
            <field name='active'>True</field>
        </record>


        <record id='poblaciones_alcudiadecrespins' model='gestiondeenvios.poblaciones'>
            <field name='poblacion'>Alcudia de Crespins</field>
            <field name='cp'>46690</field>
            <field name='distancia'>138</field>
            <field name='active'>True</field>
        </record>


        <record id='poblaciones_aldaya' model='gestiondeenvios.poblaciones'>
            <field name='poblacion'>Aldaya</field>
            <field name='cp'>46960</field>
            <field name='distancia'>21</field>
            <field name='active'>True</field>
        </record>


        <record id='poblaciones_alfafar' model='gestiondeenvios.poblaciones'>
            <field name='poblacion'>Alfafar</field>
            <field name='cp'>46910</field>
            <field name='distancia'>16</field>
            <field name='active'>True</field>
        </record>


        <record id='poblaciones_alfaradepatriarca' model='gestiondeenvios.poblaciones'>
            <field name='poblacion'>Alfara de Patriarca</field>
            <field name='cp'>46115</field>
            <field name='distancia'>20</field>
            <field name='active'>True</field>
        </record>


        <record id='poblaciones_algemesi' model='gestiondeenvios.poblaciones'>
            <field name='poblacion'>Algemesi</field>
            <field name='cp'>46680</field>
            <field name='distancia'>68</field>
            <field name='active'>True</field>
        </record>


        <record id='poblaciones_alginet' model='gestiondeenvios.poblaciones'>
            <field name='poblacion'>Alginet</field>
            <field name='cp'>46230</field>
            <field name='distancia'>53</field>
            <field name='active'>True</field>
        </record>


        <record id='poblaciones_alicante' model='gestiondeenvios.poblaciones'>
            <field name='poblacion'>Alicante</field>
            <field name='cp'>00000</field>
            <field name='distancia'>368</field>
            <field name='active'>True</field>
        </record>


        <record id='poblaciones_almacera' model='gestiondeenvios.poblaciones'>
            <field name='poblacion'>Almacera</field>
            <field name='cp'>46132</field>
            <field name='distancia'>16</field>
            <field name='active'>True</field>
        </record>


        <record id='poblaciones_almazora' model='gestiondeenvios.poblaciones'>
            <field name='poblacion'>Almazora</field>
            <field name='cp'>12550</field>
            <field name='distancia'>127</field>
            <field name='active'>True</field>
        </record>


        <record id='poblaciones_almusafes' model='gestiondeenvios.poblaciones'>
            <field name='poblacion'>Almusafes</field>
            <field name='cp'>46440</field>
            <field name='distancia'>46</field>
            <field name='active'>True</field>
        </record>


        <record id='poblaciones_altea' model='gestiondeenvios.poblaciones'>
            <field name='poblacion'>Altea</field>
            <field name='cp'>3590</field>
            <field name='distancia'>260</field>
            <field name='active'>True</field>
        </record>


        <record id='poblaciones_alzira' model='gestiondeenvios.poblaciones'>
            <field name='poblacion'>Alzira</field>
            <field name='cp'>46600</field>
            <field name='distancia'>82</field>
            <field name='active'>True</field>
        </record>


        <record id='poblaciones_benaguacil' model='gestiondeenvios.poblaciones'>
            <field name='poblacion'>Benaguacil</field>
            <field name='cp'>46180</field>
            <field name='distancia'>54</field>
            <field name='active'>True</field>
        </record>


        <record id='poblaciones_beneixida' model='gestiondeenvios.poblaciones'>
            <field name='poblacion'>Beneixida</field>
            <field name='cp'>46293</field>
            <field name='distancia'>105</field>
            <field name='active'>True</field>
        </record>


        <record id='poblaciones_benetuser' model='gestiondeenvios.poblaciones'>
            <field name='poblacion'>Benetuser</field>
            <field name='cp'>46910</field>
            <field name='distancia'>14</field>
            <field name='active'>True</field>
        </record>


        <record id='poblaciones_benicarlo' model='gestiondeenvios.poblaciones'>
            <field name='poblacion'>Benicarlo</field>
            <field name='cp'>12580</field>
            <field name='distancia'>274</field>
            <field name='active'>True</field>
        </record>


        <record id='poblaciones_benicasim' model='gestiondeenvios.poblaciones'>
            <field name='poblacion'>Benicasim</field>
            <field name='cp'>12560</field>
            <field name='distancia'>160</field>
            <field name='active'>True</field>
        </record>


        <record id='poblaciones_benidorm' model='gestiondeenvios.poblaciones'>
            <field name='poblacion'>Benidorm</field>
            <field name='cp'>3501</field>
            <field name='distancia'>264</field>
            <field name='active'>True</field>
        </record>


        <record id='poblaciones_benifariag' model='gestiondeenvios.poblaciones'>
            <field name='poblacion'>Benifariag</field>
            <field name='cp'>46016</field>
            <field name='distancia'>16</field>
            <field name='active'>True</field>
        </record>


        <record id='poblaciones_benifayo' model='gestiondeenvios.poblaciones'>
            <field name='poblacion'>Benifayo</field>
            <field name='cp'>46450</field>
            <field name='distancia'>48</field>
            <field name='active'>True</field>
        </record>


        <record id='poblaciones_benimamet' model='gestiondeenvios.poblaciones'>
            <field name='poblacion'>Benimamet</field>
            <field name='cp'>46035</field>
            <field name='distancia'>24</field>
            <field name='active'>True</field>
        </record>


        <record id='poblaciones_beniparell' model='gestiondeenvios.poblaciones'>
            <field name='poblacion'>Beniparell</field>
            <field name='cp'>46469</field>
            <field name='distancia'>24</field>
            <field name='active'>True</field>
        </record>


        <record id='poblaciones_benisano' model='gestiondeenvios.poblaciones'>
            <field name='poblacion'>Benisano</field>
            <field name='cp'>46181</field>
            <field name='distancia'>52</field>
            <field name='active'>True</field>
        </record>


        <record id='poblaciones_betera' model='gestiondeenvios.poblaciones'>
            <field name='poblacion'>Betera</field>
            <field name='cp'>46117</field>
            <field name='distancia'>39</field>
            <field name='active'>True</field>
        </record>


        <record id='poblaciones_bocairente' model='gestiondeenvios.poblaciones'>
            <field name='poblacion'>Bocairente</field>
            <field name='cp'>46880</field>
            <field name='distancia'>197</field>
            <field name='active'>True</field>
        </record>


        <record id='poblaciones_bonreposymir' model='gestiondeenvios.poblaciones'>
            <field name='poblacion'>Bonrepos Y Mir</field>
            <field name='cp'>46131</field>
            <field name='distancia'>16</field>
            <field name='active'>True</field>
        </record>


        <record id='poblaciones_borboto' model='gestiondeenvios.poblaciones'>
            <field name='poblacion'>Borboto</field>
            <field name='cp'>46016</field>
            <field name='distancia'>14</field>
            <field name='active'>True</field>
        </record>


        <record id='poblaciones_bunol' model='gestiondeenvios.poblaciones'>
            <field name='poblacion'>Buñol</field>
            <field name='cp'>46360</field>
            <field name='distancia'>81</field>
            <field name='active'>True</field>
        </record>


        <record id='poblaciones_burjasot' model='gestiondeenvios.poblaciones'>
            <field name='poblacion'>Burjasot</field>
            <field name='cp'>46100</field>
            <field name='distancia'>18</field>
            <field name='active'>True</field>
        </record>


        <record id='poblaciones_burriana' model='gestiondeenvios.poblaciones'>
            <field name='poblacion'>Burriana</field>
            <field name='cp'>12530</field>
            <field name='distancia'>116</field>
            <field name='active'>True</field>
        </record>


        <record id='poblaciones_calicanto' model='gestiondeenvios.poblaciones'>
            <field name='poblacion'>Calicanto</field>
            <field name='cp'>46370</field>
            <field name='distancia'>49</field>
            <field name='active'>True</field>
        </record>


        <record id='poblaciones_canals' model='gestiondeenvios.poblaciones'>
            <field name='poblacion'>Canals</field>
            <field name='cp'>46650</field>
            <field name='distancia'>128</field>
            <field name='active'>True</field>
        </record>


        <record id='poblaciones_canetdeberenguer' model='gestiondeenvios.poblaciones'>
            <field name='poblacion'>Canet de Berenguer</field>
            <field name='cp'>46529</field>
            <field name='distancia'>60</field>
            <field name='active'>True</field>
        </record>


        <record id='poblaciones_carcagente' model='gestiondeenvios.poblaciones'>
            <field name='poblacion'>Carcagente</field>
            <field name='cp'>46740</field>
            <field name='distancia'>89</field>
            <field name='active'>True</field>
        </record>


        <record id='poblaciones_carlet' model='gestiondeenvios.poblaciones'>
            <field name='poblacion'>Carlet</field>
            <field name='cp'>46240</field>
            <field name='distancia'>66</field>
            <field name='active'>True</field>
        </record>


        <record id='poblaciones_carpesa' model='gestiondeenvios.poblaciones'>
            <field name='poblacion'>Carpesa</field>
            <field name='cp'>46016</field>
            <field name='distancia'>16</field>
            <field name='active'>True</field>
        </record>


        <record id='poblaciones_casasdebarcena' model='gestiondeenvios.poblaciones'>
            <field name='poblacion'>Casas de Barcena</field>
            <field name='cp'>46131</field>
            <field name='distancia'>20</field>
            <field name='active'>True</field>
        </record>


        <record id='poblaciones_castellar' model='gestiondeenvios.poblaciones'>
            <field name='poblacion'>Castellar</field>
            <field name='cp'>46013</field>
            <field name='distancia'>15</field>
            <field name='active'>True</field>
        </record>


        <record id='poblaciones_castellon' model='gestiondeenvios.poblaciones'>
            <field name='poblacion'>Castellon</field>
            <field name='cp'>00001</field>
            <field name='distancia'>140</field>
            <field name='active'>True</field>
        </record>


        <record id='poblaciones_catarroja' model='gestiondeenvios.poblaciones'>
            <field name='poblacion'>Catarroja</field>
            <field name='cp'>46470</field>
            <field name='distancia'>20</field>
            <field name='active'>True</field>
        </record>


        <record id='poblaciones_cheste' model='gestiondeenvios.poblaciones'>
            <field name='poblacion'>Cheste</field>
            <field name='cp'>46380</field>
            <field name='distancia'>60</field>
            <field name='active'>True</field>
        </record>


        <record id='poblaciones_chiva' model='gestiondeenvios.poblaciones'>
            <field name='poblacion'>Chiva</field>
            <field name='cp'>46370</field>
            <field name='distancia'>66</field>
            <field name='active'>True</field>
        </record>


        <record id='poblaciones_cocentaina' model='gestiondeenvios.poblaciones'>
            <field name='poblacion'>Cocentaina</field>
            <field name='cp'>3820</field>
            <field name='distancia'>216</field>
            <field name='active'>True</field>
        </record>


        <record id='poblaciones_cofrentes' model='gestiondeenvios.poblaciones'>
            <field name='poblacion'>Cofrentes</field>
            <field name='cp'>46625</field>
            <field name='distancia'>204</field>
            <field name='active'>True</field>
        </record>


        <record id='poblaciones_cullera' model='gestiondeenvios.poblaciones'>
            <field name='poblacion'>Cullera</field>
            <field name='cp'>46400</field>
            <field name='distancia'>84</field>
            <field name='active'>True</field>
        </record>


        <record id='poblaciones_denia' model='gestiondeenvios.poblaciones'>
            <field name='poblacion'>Denia</field>
            <field name='cp'>3700</field>
            <field name='distancia'>204</field>
            <field name='active'>True</field>
        </record>


        <record id='poblaciones_elpalmar' model='gestiondeenvios.poblaciones'>
            <field name='poblacion'>El Palmar</field>
            <field name='cp'>46012</field>
            <field name='distancia'>40</field>
            <field name='active'>True</field>
        </record>


        <record id='poblaciones_elperello' model='gestiondeenvios.poblaciones'>
            <field name='poblacion'>El Perello</field>
            <field name='cp'>46420</field>
            <field name='distancia'>44</field>
            <field name='active'>True</field>
        </record>


        <record id='poblaciones_elperellonet' model='gestiondeenvios.poblaciones'>
            <field name='poblacion'>El Perellonet</field>
            <field name='cp'>46012</field>
            <field name='distancia'>45</field>
            <field name='active'>True</field>
        </record>


        <record id='poblaciones_elsaler' model='gestiondeenvios.poblaciones'>
            <field name='poblacion'>El Saler</field>
            <field name='cp'>46012</field>
            <field name='distancia'>24</field>
            <field name='active'>True</field>
        </record>


        <record id='poblaciones_elvedat' model='gestiondeenvios.poblaciones'>
            <field name='poblacion'>El Vedat</field>
            <field name='cp'>46901</field>
            <field name='distancia'>26</field>
            <field name='active'>True</field>
        </record>


        <record id='poblaciones_elche' model='gestiondeenvios.poblaciones'>
            <field name='poblacion'>Elche</field>
            <field name='cp'>46901</field>
            <field name='distancia'>410</field>
            <field name='active'>True</field>
        </record>


        <record id='poblaciones_foyos' model='gestiondeenvios.poblaciones'>
            <field name='poblacion'>Foyos</field>
            <field name='cp'>46134</field>
            <field name='distancia'>24</field>
            <field name='active'>True</field>
        </record>


        <record id='poblaciones_gandia' model='gestiondeenvios.poblaciones'>
            <field name='poblacion'>Gandia</field>
            <field name='cp'>46700</field>
            <field name='distancia'>142</field>
            <field name='active'>True</field>
        </record>


        <record id='poblaciones_genoves' model='gestiondeenvios.poblaciones'>
            <field name='poblacion'>Genoves</field>
            <field name='cp'>46894</field>
            <field name='distancia'>141</field>
            <field name='active'>True</field>
        </record>


        <record id='poblaciones_godella' model='gestiondeenvios.poblaciones'>
            <field name='poblacion'>Godella</field>
            <field name='cp'>46110</field>
            <field name='distancia'>23</field>
            <field name='active'>True</field>
        </record>


        <record id='poblaciones_godelleta' model='gestiondeenvios.poblaciones'>
            <field name='poblacion'>Godelleta</field>
            <field name='cp'>46388</field>
            <field name='distancia'>58</field>
            <field name='active'>True</field>
        </record>


        <record id='poblaciones_guadasuar' model='gestiondeenvios.poblaciones'>
            <field name='poblacion'>Guadasuar</field>
            <field name='cp'>46610</field>
            <field name='distancia'>73</field>
            <field name='active'>True</field>
        </record>


        <record id='poblaciones_hornodealcedo' model='gestiondeenvios.poblaciones'>
            <field name='poblacion'>Horno de Alcedo</field>
            <field name='cp'>46026</field>
            <field name='distancia'>15</field>
            <field name='active'>True</field>
        </record>


        <record id='poblaciones_javea' model='gestiondeenvios.poblaciones'>
            <field name='poblacion'>Javea</field>
            <field name='cp'>3730</field>
            <field name='distancia'>230</field>
            <field name='active'>True</field>
        </record>


        <record id='poblaciones_lacañada' model='gestiondeenvios.poblaciones'>
            <field name='poblacion'>La Cañada</field>
            <field name='cp'>46182</field>
            <field name='distancia'>29</field>
            <field name='active'>True</field>
        </record>


        <record id='poblaciones_laeliana' model='gestiondeenvios.poblaciones'>
            <field name='poblacion'>La Eliana</field>
            <field name='cp'>46183</field>
            <field name='distancia'>40</field>
            <field name='active'>True</field>
        </record>


        <record id='poblaciones_lapunta' model='gestiondeenvios.poblaciones'>
            <field name='poblacion'>La Punta</field>
            <field name='cp'>46012</field>
            <field name='distancia'>10</field>
            <field name='active'>True</field>
        </record>


        <record id='poblaciones_latorre' model='gestiondeenvios.poblaciones'>
            <field name='poblacion'>La Torre</field>
            <field name='cp'>46017</field>
            <field name='distancia'>13</field>
            <field name='active'>True</field>
        </record>


        <record id='poblaciones_liria' model='gestiondeenvios.poblaciones'>
            <field name='poblacion'>Liria</field>
            <field name='cp'>46160</field>
            <field name='distancia'>65</field>
            <field name='active'>True</field>
        </record>


        <record id='poblaciones_manises' model='gestiondeenvios.poblaciones'>
            <field name='poblacion'>Manises</field>
            <field name='cp'>46940</field>
            <field name='distancia'>20</field>
            <field name='active'>True</field>
        </record>


        <record id='poblaciones_manisesaeropuerto' model='gestiondeenvios.poblaciones'>
            <field name='poblacion'>Manises Aeropuerto</field>
            <field name='cp'>46940</field>
            <field name='distancia'>26</field>
            <field name='active'>True</field>
        </record>


        <record id='poblaciones_marines' model='gestiondeenvios.poblaciones'>
            <field name='poblacion'>Marines</field>
            <field name='cp'>46163</field>
            <field name='distancia'>64</field>
            <field name='active'>True</field>
        </record>


        <record id='poblaciones_masalfasar' model='gestiondeenvios.poblaciones'>
            <field name='poblacion'>Masalfasar</field>
            <field name='cp'>46560</field>
            <field name='distancia'>28</field>
            <field name='active'>True</field>
        </record>


        <record id='poblaciones_masamagrell' model='gestiondeenvios.poblaciones'>
            <field name='poblacion'>Masamagrell</field>
            <field name='cp'>46130</field>
            <field name='distancia'>28</field>
            <field name='active'>True</field>
        </record>


        <record id='poblaciones_masarrochos' model='gestiondeenvios.poblaciones'>
            <field name='poblacion'>Masarrochos</field>
            <field name='cp'>46112</field>
            <field name='distancia'>22</field>
            <field name='active'>True</field>
        </record>


        <record id='poblaciones_massanasa' model='gestiondeenvios.poblaciones'>
            <field name='poblacion'>Massanasa</field>
            <field name='cp'>46470</field>
            <field name='distancia'>18</field>
            <field name='active'>True</field>
        </record>


        <record id='poblaciones_meliana' model='gestiondeenvios.poblaciones'>
            <field name='poblacion'>Meliana</field>
            <field name='cp'>46133</field>
            <field name='distancia'>20</field>
            <field name='active'>True</field>
        </record>


        <record id='poblaciones_misalta' model='gestiondeenvios.poblaciones'>
            <field name='poblacion'>Misalta</field>
            <field name='cp'>46920</field>
            <field name='distancia'>13</field>
            <field name='active'>True</field>
        </record>


        <record id='poblaciones_moncada' model='gestiondeenvios.poblaciones'>
            <field name='poblacion'>Moncada</field>
            <field name='cp'>46113</field>
            <field name='distancia'>22</field>
            <field name='active'>True</field>
        </record>


        <record id='poblaciones_museros' model='gestiondeenvios.poblaciones'>
            <field name='poblacion'>Museros</field>
            <field name='cp'>46136</field>
            <field name='distancia'>29</field>
            <field name='active'>True</field>
        </record>


        <record id='poblaciones_naquera' model='gestiondeenvios.poblaciones'>
            <field name='poblacion'>Naquera</field>
            <field name='cp'>46119</field>
            <field name='distancia'>47</field>
            <field name='active'>True</field>
        </record>


        <record id='poblaciones_nules' model='gestiondeenvios.poblaciones'>
            <field name='poblacion'>Nules</field>
            <field name='cp'>12520</field>
            <field name='distancia'>104</field>
            <field name='active'>True</field>
        </record>


        <record id='poblaciones_oliva' model='gestiondeenvios.poblaciones'>
            <field name='poblacion'>Oliva</field>
            <field name='cp'>46780</field>
            <field name='distancia'>156</field>
            <field name='active'>True</field>
        </record>


        <record id='poblaciones_olleria' model='gestiondeenvios.poblaciones'>
            <field name='poblacion'>Olleria</field>
            <field name='cp'>46850</field>
            <field name='distancia'>142</field>
            <field name='active'>True</field>
        </record>


        <record id='poblaciones_onda' model='gestiondeenvios.poblaciones'>
            <field name='poblacion'>Onda</field>
            <field name='cp'>12200</field>
            <field name='distancia'>139</field>
            <field name='active'>True</field>
        </record>


        <record id='poblaciones_onteniente' model='gestiondeenvios.poblaciones'>
            <field name='poblacion'>Onteniente</field>
            <field name='cp'>46870</field>
            <field name='distancia'>174</field>
            <field name='active'>True</field>
        </record>


        <record id='poblaciones_pibobalar' model='gestiondeenvios.poblaciones'>
            <field name='poblacion'>P.I. Bobalar</field>
            <field name='cp'>46970</field>
            <field name='distancia'>19</field>
            <field name='active'>True</field>
        </record>


        <record id='poblaciones_piademuz' model='gestiondeenvios.poblaciones'>
            <field name='poblacion'>P.I.Ademuz</field>
            <field name='cp'>46140</field>
            <field name='distancia'>24</field>
            <field name='active'>True</field>
        </record>


        <record id='poblaciones_pialboraya' model='gestiondeenvios.poblaciones'>
            <field name='poblacion'>P.I.Alboraya</field>
            <field name='cp'>46120</field>
            <field name='distancia'>16</field>
            <field name='active'>True</field>
        </record>


        <record id='poblaciones_pialdaya' model='gestiondeenvios.poblaciones'>
            <field name='poblacion'>P.I.Aldaya</field>
            <field name='cp'>46960</field>
            <field name='distancia'>21</field>
            <field name='active'>True</field>
        </record>


        <record id='poblaciones_pibarriodelcristo' model='gestiondeenvios.poblaciones'>
            <field name='poblacion'>P.I.Barrio del Cristo</field>
            <field name='cp'>46960</field>
            <field name='distancia'>21</field>
            <field name='active'>True</field>
        </record>


        <record id='poblaciones_piciudaddemudeco' model='gestiondeenvios.poblaciones'>
            <field name='poblacion'>P.I.Ciudad de Mudeco</field>
            <field name='cp'>46930</field>
            <field name='distancia'>21</field>
            <field name='active'>True</field>
        </record>


        <record id='poblaciones_pielplaue' model='gestiondeenvios.poblaciones'>
            <field name='poblacion'>P.I.El Pla Ue</field>
            <field name='cp'>46870</field>
            <field name='distancia'>34</field>
            <field name='active'>True</field>
        </record>


        <record id='poblaciones_pielromani' model='gestiondeenvios.poblaciones'>
            <field name='poblacion'>P.I.El Romani</field>
            <field name='cp'>46439</field>
            <field name='distancia'>45</field>
            <field name='active'>True</field>
        </record>


        <record id='poblaciones_piftedeljarro' model='gestiondeenvios.poblaciones'>
            <field name='poblacion'>P.I.Fte del Jarro</field>
            <field name='cp'>46988</field>
            <field name='distancia'>25</field>
            <field name='active'>True</field>
        </record>


        <record id='poblaciones_pilacova' model='gestiondeenvios.poblaciones'>
            <field name='poblacion'>P.I.La Cova</field>
            <field name='cp'>46940</field>
            <field name='distancia'>20</field>
            <field name='active'>True</field>
        </record>


        <record id='poblaciones_pimanises' model='gestiondeenvios.poblaciones'>
            <field name='poblacion'>P.I.Manises</field>
            <field name='cp'>46940</field>
            <field name='distancia'>20</field>
            <field name='active'>True</field>
        </record>


        <record id='poblaciones_pimasalfasar' model='gestiondeenvios.poblaciones'>
            <field name='poblacion'>P.I.Masalfasar</field>
            <field name='cp'>46560</field>
            <field name='distancia'>28</field>
            <field name='active'>True</field>
        </record>


        <record id='poblaciones_pimasiaespi' model='gestiondeenvios.poblaciones'>
            <field name='poblacion'>P.I.Masia Espi</field>
            <field name='cp'>46930</field>
            <field name='distancia'>25</field>
            <field name='active'>True</field>
        </record>


        <record id='poblaciones_pimediterraneo' model='gestiondeenvios.poblaciones'>
            <field name='poblacion'>P.I.Mediterraneo</field>
            <field name='cp'>46550</field>
            <field name='distancia'>38</field>
            <field name='active'>True</field>
        </record>


        <record id='poblaciones_pioliveral' model='gestiondeenvios.poblaciones'>
            <field name='poblacion'>P.I.Oliveral</field>
            <field name='cp'>46190</field>
            <field name='distancia'>40</field>
            <field name='active'>True</field>
        </record>


        <record id='poblaciones_piparctecnologico' model='gestiondeenvios.poblaciones'>
            <field name='poblacion'>P.I.Parc Tecnologico</field>
            <field name='cp'>46980</field>
            <field name='distancia'>25</field>
            <field name='active'>True</field>
        </record>


        <record id='poblaciones_pipatadelcid_quartdepoblet' model='gestiondeenvios.poblaciones'>
            <field name='poblacion'>P.I.Pata del Cid-Quart De Poblet</field>
            <field name='cp'>46930</field>
            <field name='distancia'>34</field>
            <field name='active'>True</field>
        </record>


        <record id='poblaciones_piquartdepoblet' model='gestiondeenvios.poblaciones'>
            <field name='poblacion'>P.I.Quart de Poblet</field>
            <field name='cp'>46930</field>
            <field name='distancia'>14</field>
            <field name='active'>True</field>
        </record>


        <record id='poblaciones_pivalencia2000' model='gestiondeenvios.poblaciones'>
            <field name='poblacion'>P.I.Valencia 2000</field>
            <field name='cp'>46930</field>
            <field name='distancia'>34</field>
            <field name='active'>True</field>
        </record>


        <record id='poblaciones_pixirivella' model='gestiondeenvios.poblaciones'>
            <field name='poblacion'>P.I.Xirivella</field>
            <field name='cp'>46950</field>
            <field name='distancia'>16</field>
            <field name='active'>True</field>
        </record>


        <record id='poblaciones_paiporta' model='gestiondeenvios.poblaciones'>
            <field name='poblacion'>Paiporta</field>
            <field name='cp'>46200</field>
            <field name='distancia'>18</field>
            <field name='active'>True</field>
        </record>


        <record id='poblaciones_paterna' model='gestiondeenvios.poblaciones'>
            <field name='poblacion'>Paterna</field>
            <field name='cp'>46980</field>
            <field name='distancia'>25</field>
            <field name='active'>True</field>
        </record>


        <record id='poblaciones_picaña' model='gestiondeenvios.poblaciones'>
            <field name='poblacion'>Picaña</field>
            <field name='cp'>46210</field>
            <field name='distancia'>18</field>
            <field name='active'>True</field>
        </record>


        <record id='poblaciones_picassent' model='gestiondeenvios.poblaciones'>
            <field name='poblacion'>Picassent</field>
            <field name='cp'>46220</field>
            <field name='distancia'>37</field>
            <field name='active'>True</field>
        </record>


        <record id='poblaciones_pinedo' model='gestiondeenvios.poblaciones'>
            <field name='poblacion'>Pinedo</field>
            <field name='cp'>46012</field>
            <field name='distancia'>18</field>
            <field name='active'>True</field>
        </record>


        <record id='poblaciones_pobladefarnlas' model='gestiondeenvios.poblaciones'>
            <field name='poblacion'>Pobla de Farnlas</field>
            <field name='cp'>46139</field>
            <field name='distancia'>36</field>
            <field name='active'>True</field>
        </record>


        <record id='poblaciones_pobladevallbona' model='gestiondeenvios.poblaciones'>
            <field name='poblacion'>Pobla de Vallbona</field>
            <field name='cp'>46185</field>
            <field name='distancia'>46</field>
            <field name='active'>True</field>
        </record>


        <record id='poblaciones_poblenou' model='gestiondeenvios.poblaciones'>
            <field name='poblacion'>Poble Nou</field>
            <field name='cp'>46025</field>
            <field name='distancia'>12</field>
            <field name='active'>True</field>
        </record>


        <record id='poblaciones_portaceli' model='gestiondeenvios.poblaciones'>
            <field name='poblacion'>Porta Celi</field>
            <field name='cp'>46117</field>
            <field name='distancia'>59</field>
            <field name='active'>True</field>
        </record>


        <record id='poblaciones_puertodesagunto' model='gestiondeenvios.poblaciones'>
            <field name='poblacion'>Puerto de Sagunto</field>
            <field name='cp'>46520</field>
            <field name='distancia'>64</field>
            <field name='active'>True</field>
        </record>


        <record id='poblaciones_puig' model='gestiondeenvios.poblaciones'>
            <field name='poblacion'>Puig</field>
            <field name='cp'>46540</field>
            <field name='distancia'>36</field>
            <field name='active'>True</field>
        </record>


        <record id='poblaciones_puzol' model='gestiondeenvios.poblaciones'>
            <field name='poblacion'>Puzol</field>
            <field name='cp'>46530</field>
            <field name='distancia'>44</field>
            <field name='active'>True</field>
        </record>


        <record id='poblaciones_qdepoblet_setemar' model='gestiondeenvios.poblaciones'>
            <field name='poblacion'>Q. de Poblet-Setemar</field>
            <field name='cp'>46930</field>
            <field name='distancia'>24</field>
            <field name='active'>True</field>
        </record>


        <record id='poblaciones_quartdepoblet' model='gestiondeenvios.poblaciones'>
            <field name='poblacion'>Quart de Poblet</field>
            <field name='cp'>46930</field>
            <field name='distancia'>14</field>
            <field name='active'>True</field>
        </record>


        <record id='poblaciones_rafelbunol' model='gestiondeenvios.poblaciones'>
            <field name='poblacion'>Rafelbuñol</field>
            <field name='cp'>46138</field>
            <field name='distancia'>44</field>
            <field name='active'>True</field>
        </record>


        <record id='poblaciones_requena' model='gestiondeenvios.poblaciones'>
            <field name='poblacion'>Requena</field>
            <field name='cp'>46340</field>
            <field name='distancia'>142</field>
            <field name='active'>True</field>
        </record>


        <record id='poblaciones_ribarroja' model='gestiondeenvios.poblaciones'>
            <field name='poblacion'>Ribarroja</field>
            <field name='cp'>46190</field>
            <field name='distancia'>50</field>
            <field name='active'>True</field>
        </record>


        <record id='poblaciones_rocafort' model='gestiondeenvios.poblaciones'>
            <field name='poblacion'>Rocafort</field>
            <field name='cp'>46111</field>
            <field name='distancia'>20</field>
            <field name='active'>True</field>
        </record>


        <record id='poblaciones_sagunto' model='gestiondeenvios.poblaciones'>
            <field name='poblacion'>Sagunto</field>
            <field name='cp'>46500</field>
            <field name='distancia'>58</field>
            <field name='active'>True</field>
        </record>


        <record id='poblaciones_sanadebenageber' model='gestiondeenvios.poblaciones'>
            <field name='poblacion'>San A.de Benageber</field>
            <field name='cp'>46184</field>
            <field name='distancia'>34</field>
            <field name='active'>True</field>
        </record>


        <record id='poblaciones_sedavi' model='gestiondeenvios.poblaciones'>
            <field name='poblacion'>Sedavi</field>
            <field name='cp'>46910</field>
            <field name='distancia'>15</field>
            <field name='active'>True</field>
        </record>


        <record id='poblaciones_segorbe' model='gestiondeenvios.poblaciones'>
            <field name='poblacion'>Segorbe</field>
            <field name='cp'>12400</field>
            <field name='distancia'>114</field>
            <field name='active'>True</field>
        </record>


        <record id='poblaciones_sierraperenchiza' model='gestiondeenvios.poblaciones'>
            <field name='poblacion'>Sierra Perenchiza</field>
            <field name='cp'>46370</field>
            <field name='distancia'>46</field>
            <field name='active'>True</field>
        </record>


        <record id='poblaciones_silla' model='gestiondeenvios.poblaciones'>
            <field name='poblacion'>Silla</field>
            <field name='cp'>46360</field>
            <field name='distancia'>32</field>
            <field name='active'>True</field>
        </record>


        <record id='poblaciones_sollana' model='gestiondeenvios.poblaciones'>
            <field name='poblacion'>Sollana</field>
            <field name='cp'>46430</field>
            <field name='distancia'>50</field>
            <field name='active'>True</field>
        </record>


        <record id='poblaciones_sueca' model='gestiondeenvios.poblaciones'>
            <field name='poblacion'>Sueca</field>
            <field name='cp'>46410</field>
            <field name='distancia'>70</field>
            <field name='active'>True</field>
        </record>


        <record id='poblaciones_tblanques' model='gestiondeenvios.poblaciones'>
            <field name='poblacion'>T.Blanques</field>
            <field name='cp'>46016</field>
            <field name='distancia'>16</field>
            <field name='active'>True</field>
        </record>


        <record id='poblaciones_tvalldigna' model='gestiondeenvios.poblaciones'>
            <field name='poblacion'>T.Valldigna</field>
            <field name='cp'>46760</field>
            <field name='distancia'>112</field>
            <field name='active'>True</field>
        </record>


        <record id='poblaciones_torrente' model='gestiondeenvios.poblaciones'>
            <field name='poblacion'>Torrente</field>
            <field name='cp'>46900</field>
            <field name='distancia'>23</field>
            <field name='active'>True</field>
        </record>


        <record id='poblaciones_utiel' model='gestiondeenvios.poblaciones'>
            <field name='poblacion'>Utiel</field>
            <field name='cp'>46300</field>
            <field name='distancia'>163</field>
            <field name='active'>True</field>
        </record>


        <record id='poblaciones_vallada' model='gestiondeenvios.poblaciones'>
            <field name='poblacion'>Vallada</field>
            <field name='cp'>46691</field>
            <field name='distancia'>150</field>
            <field name='active'>True</field>
        </record>


        <record id='poblaciones_vedattorrente' model='gestiondeenvios.poblaciones'>
            <field name='poblacion'>Vedat Torrente</field>
            <field name='cp'>46901</field>
            <field name='distancia'>30</field>
            <field name='active'>True</field>
        </record>


        <record id='poblaciones_villamarchante' model='gestiondeenvios.poblaciones'>
            <field name='poblacion'>Villamarchante</field>
            <field name='cp'>46191</field>
            <field name='distancia'>55</field>
            <field name='active'>True</field>
        </record>


        <record id='poblaciones_villarreal' model='gestiondeenvios.poblaciones'>
            <field name='poblacion'>Villarreal</field>
            <field name='cp'>12540</field>
            <field name='distancia'>118</field>
            <field name='active'>True</field>
        </record>


        <record id='poblaciones_villena' model='gestiondeenvios.poblaciones'>
            <field name='poblacion'>Villena</field>
            <field name='cp'>3400</field>
            <field name='distancia'>236</field>
            <field name='active'>True</field>
        </record>


        <record id='poblaciones_vinalesa' model='gestiondeenvios.poblaciones'>
            <field name='poblacion'>Vinalesa</field>
            <field name='cp'>46114</field>
            <field name='distancia'>20</field>
            <field name='active'>True</field>
        </record>


        <record id='poblaciones_vinaroz' model='gestiondeenvios.poblaciones'>
            <field name='poblacion'>Vinaroz</field>
            <field name='cp'>12500</field>
            <field name='distancia'>285</field>
            <field name='active'>True</field>
        </record>


        <record id='poblaciones_xativa' model='gestiondeenvios.poblaciones'>
            <field name='poblacion'>Xativa</field>
            <field name='cp'>46800</field>
            <field name='distancia'>124</field>
            <field name='active'>True</field>
        </record>


        <record id='poblaciones_xirivella' model='gestiondeenvios.poblaciones'>
            <field name='poblacion'>Xirivella </field>
            <field name='cp'>46950</field>
            <field name='distancia'>16</field>
            <field name='active'>True</field>
        </record>

        <record id='poblaciones_ruta' model='gestiondeenvios.poblaciones'>
            <field name='poblacion'>Ruta</field>
            <field name='distancia'>0</field>
            <field name='active'>True</field>
        </record>
    </data>
</odoo>